[
    {
        "author": "Albert Einstein",
        "quote": "“The world as we have created it is a process of our thinking. It cannot be changed without changing our thinking.”",
        "tags": [
            "change",
            "deep-thoughts",
            "thinking",
            "world"
        ],
        "author_url": "https://quotes.toscrape.com/author/Albert-Einstein"
    },
    {
        "author": "J.K. Rowling",
        "quote": "“It is our choices, Harry, that show what we truly are, far more than our abilities.”",
        "tags": [
            "abilities",
            "choices"
        ],
        "author_url": "https://quotes.toscrape.com/author/J-K-Rowling"
    },
    {
        "author": "Albert Einstein",
        "quote": "“There are only two ways to live your life. One is as though nothing is a miracle. The other is as though everything is a miracle.”",
        "tags": [
            "inspirational",
            "life",
            "live",
            "miracle",
            "miracles"
        ],
        "author_url": "https://quotes.toscrape.com/author/Albert-Einstein"
    },
    {
        "author": "Jane Austen",
        "quote": "“The person, be it gentleman or lady, who has not pleasure in a good novel, must be intolerably stupid.”",
        "tags": [
            "aliteracy",
            "books",
            "classic",
            "humor"
        ],
        "author_url": "https://quotes.toscrape.com/author/Jane-Austen"
    },
    {
        "author": "Marilyn Monroe",
        "quote": "“Imperfection is beauty, madness is genius and it's better to be absolutely ridiculous than absolutely boring.”",
        "tags": [
            "be-yourself",
            "inspirational"
        ],
        "author_url": "https://quotes.toscrape.com/author/Marilyn-Monroe"
    },
    {
        "author": "Albert Einstein",
        "quote": "“Try not to become a man of success. Rather become a man of value.”",
        "tags": [
            "adulthood",
            "success",
            "value"
        ],
        "author_url": "https://quotes.toscrape.com/author/Albert-Einstein"
    },
    {
        "author": "André Gide",
        "quote": "“It is better to be hated for what you are than to be loved for what you are not.”",
        "tags": [
            "life",
            "love"
        ],
        "author_url": "https://quotes.toscrape.com/author/Andre-Gide"
    },
    {
        "author": "Thomas A. Edison",
        "quote": "“I have not failed. I've just found 10,000 ways that won't work.”",
        "tags": [
            "edison",
            "failure",
            "inspirational",
            "paraphrased"
        ],
        "author_url": "https://quotes.toscrape.com/author/Thomas-A-Edison"
    },
    {
        "author": "Eleanor Roosevelt",
        "quote": "“A woman is like a tea bag; you never know how strong it is until it's in hot water.”",
        "tags": [
            "misattributed-eleanor-roosevelt"
        ],
        "author_url": "https://quotes.toscrape.com/author/Eleanor-Roosevelt"
    },
    {
        "author": "Steve Martin",
        "quote": "“A day without sunshine is like, you know, night.”",
        "tags": [
            "humor",
            "obvious",
            "simile"
        ],
        "author_url": "https://quotes.toscrape.com/author/Steve-Martin"
    }
]