[
    {
        "id": 1,
        "name": "Алексей Сидоров",
        "age": 15
    },
    {
        "id": 2,
        "name": "Елена Петрова",
        "age": 16
    },
    {
        "id": 3,
        "name": "Дмитрий Орлов",
        "age": 15
    },
    {
        "id": 4,
        "name": "Светлана Лебедева",
        "age": 14
    },
    {
        "id": 5,
        "name": "Иванов Иван",
        "age": 17
    },
    {
        "id": 6,
        "name": "Михаил Попов",
        "age": 55
    },
    {
        "id": 7,
        "name": "Алексей Ковалёв",
        "age": 33
    }
]